title,from,to,number
De Aabode,1944,1944,17
Aaltensche courant,1897,1950,4647
Aambeeld : het katholiek weekorgaan,1945,1945,10
De Aanval,1945,1945,15
Accu : B(etrouwbare) B(erichten) C(entrale),1944,1945,152
Accu-vonken : uitgave van De accu artikelen van algemeen belang,1944,1945,20
Achtergrond : over principieele problemen,1944,1945,5
Actualiteiten,1941,1945,10
AD,2005,2005,103
Ad interim : tΔ³dschrift voor letterkunde,1944,1944,2
Advertentieblad: bekendmakingen en onderscheidene berigten van Groningen,1813,1814,63
Advertentieblad van het departement van de Wester-Eems,1811,1941,165
Advertentieblad voor Limburg,1919,1947,1393
Advertentieblad voor Maassluis: Rozenburg en het Westland,1936,1940,140
Aether nieuws,1944,1945,4
De aetherbode,1944,1945,43
Aetherflitsen,1943,1943,1
Aethernieuws,1944,1945,67
De aetherpost : dagblad voor strΔ³dend Nederland ; voor koningin en vaderland ; uitgegeven door Neerlands vrΔ³e pers,1943,1943,3
Affiches: annonces et avis divers d'Amsterdam = AdvertentieΜn; aankondigingen en verschillende berigten van Amsterdam,1811,1813,610
Affiches: annonces et avis divers de Leyde = AdvertentieΜn; aankondigingen en berigten van Leyden,1812,1813,282
Affiches: annonces et avis divers de Rotterdam = Advertentien; aankondigingen en berigten van Rotterdam,1812,1813,252
Afgeluisterd,1944,1944,8
A.G.D.,1944,1944,36
Agrarisch nieuwsblad : (waarin opgenomen het orgaan Landbouw en maatschappΔ³),1940,1942,517
Akten betreffende cooΜperatieve vereenigingen,1904,1941,5120
Algemeen & industrieel volksblad voor Nederland,1878,1878,38
Algemeen Dagblad,1951,2005,16397
Algemeen dagblad van Nederland,1870,1871,495
Algemeen Handelsblad,1828,1970,64677
Algemeen handelsblad voor Nederlandsch-IndieΜ,1924,1940,4801
Algemeen Indisch dagblad,1947,1957,324
Algemeen Indisch dagblad : de Preangerbode,1931,1957,1900
Algemeen industrieel volksblad voor Nederland,1874,1878,335
Algemeen Nederlandsch landbouwblad,1921,1934,729
Algemeen Nederlandsch nieuws- en advertentie-blad,1819,1820,124
Algemeen protestantsch dagblad,1941,1942,94
Algemeen volksblad voor Nederland,1871,1872,137
Algemeene landhuishoudelijke courant,1847,1848,65
Algemeene nijverheids courant,1849,1851,105
Algemeene visscherij-courant,1871,1877,315
Algemene documentatie,1945,1945,1
Algemene koerier voor Overijsel en Gelderland,1945,1946,260
Alkmaarsche courant,1941,1942,117
Alles sal reg kom,1944,1945,284
Alles sal reg kom!,1940,1944,28
Alles sal reg kom,1944,1944,23
De Amersfoortsche courant : dagblad voor Amersfoort en omstreken,1941,1942,185
Amigoe,1977,1995,5700
Amigoe di Curacao,1916,1975,2111
Amigoe di Curacao : weekblad voor de Curacaosche eilanden,1884,1976,11845